"type_code","indicator_code","relation_role","required_level","measurement_method","source_status","note"
"B01","B01_CRACK_DEPTH_MM","secondary","conditional","裂缝深度仪或调查表解析","project_defined","指南V1.1主控/条件指标"
"B01","B01_CRACK_LENGTH_M","secondary","conditional","现场量测或调查表解析","project_defined","指南V1.1主控/条件指标"
"B01","B01_CRACK_WIDTH_MM","primary","required","裂缝尺、显微镜或现场调查表","project_defined","指南V1.1主控/条件指标"
"B02","B02_REBAR_EXPOSURE_AREA_M2","secondary","conditional","现场量测或图像核验","project_defined","指南V1.1主控/条件指标"
"B02","B02_SPALLING_AREA_M2","primary","required","现场量测或调查表解析","project_defined","指南V1.1主控/条件指标"
"B03","B03_DEFLECTION_MM","primary","required","水准、全站仪或位移监测","project_defined","指南V1.1主控/条件指标"
"B04","B04_BEARING_DISPLACEMENT_MM","primary","required","现场量测","project_defined","指南V1.1主控/条件指标"
"B04","B04_BEARING_GAP_MM","secondary","conditional","塞尺或现场量测","project_defined","指南V1.1主控/条件指标"
"B05","B05_FOUNDATION_SETTLEMENT_MM","secondary","conditional","水准或沉降监测","project_defined","指南V1.1主控/条件指标"
"B05","B05_PIER_CRACK_WIDTH_MM","primary","required","裂缝尺或现场调查表","project_defined","指南V1.1主控/条件指标"
"B06","B06_AUXILIARY_DEFECT_COUNT","primary","required","人工巡检或图像核验","project_defined","指南V1.1主控/条件指标"
"C01","C01_RELATIVE_DISPLACEMENT_MM","secondary","conditional","位移监测或几何联测","project_defined","指南V1.1主控/条件指标"
"C01","C01_TRACK_BEAM_OFFSET_MM","primary","required","线路与桥梁几何联测","project_defined","指南V1.1主控/条件指标"
"C02","C02_GEOMETRY_MUTATION_MM","secondary","conditional","轨检车或人工复测","project_defined","指南V1.1主控/条件指标"
"C02","C02_TRANSITION_SETTLEMENT_MM","primary","required","水准或轨检数据","project_defined","指南V1.1主控/条件指标"
"T01","T01_SIDE_WEAR_MM","primary","required","现场量测或轨检/廓形检测","project_defined","指南V1.1主控/条件指标"
"T02","T02_PLASTIC_DEFORMATION_MM","secondary","conditional","现场量测或图像核验","project_defined","指南V1.1主控/条件指标"
"T02","T02_VERTICAL_WEAR_MM","primary","required","现场量测或廓形检测","project_defined","指南V1.1主控/条件指标"
"T03","T03_CORRUGATION_DEPTH_MM","primary","required","波磨检测或人工量测","project_defined","指南V1.1主控/条件指标"
"T03","T03_CORRUGATION_WAVELENGTH_MM","secondary","conditional","波磨检测","project_defined","指南V1.1主控/条件指标"
"T04","T04_DAMAGE_LENGTH_M","primary","required","探伤、人工检查或图像核验","project_defined","指南V1.1主控/条件指标"
"T05","T05_ALIGNMENT_DEVIATION_MM","secondary","conditional","轨检车或弦测","project_defined","指南V1.1主控/条件指标"
"T05","T05_GAUGE_DEVIATION_MM","primary","required","轨检车或人工轨距尺","project_defined","指南V1.1主控/条件指标"
"T06","T06_SUPERELEVATION_DEVIATION_MM","primary","required","轨检车或水准测量","project_defined","指南V1.1主控/条件指标"
"T07","T07_FASTENER_DEFECT_COUNT","primary","required","人工巡检或图像识别","project_defined","指南V1.1主控/条件指标"
"T08","T08_SLEEPER_DAMAGE_COUNT","primary","required","人工巡检或图像识别","project_defined","指南V1.1主控/条件指标"
"T09","T09_BALLAST_BED_DEFECT_AREA_M2","primary","required","人工量测或图像核验","project_defined","指南V1.1主控/条件指标"
