"indicator_code","disease_type_code","standard_name","unit","decimal_scale","value_kind","required_level","trend_direction","data_type","measurement_method","source_status","source_level","decision_authority","verification_status","definition"
"B01_CRACK_DEPTH_MM","B01","裂缝深度","mm","2","raw","conditional","higher","numeric","裂缝深度仪或调查表解析","project_defined","D","RESEARCH_ONLY","pending","梁体裂缝深度。"
"B01_CRACK_LENGTH_M","B01","裂缝长度","m","3","raw","conditional","higher","numeric","现场量测或调查表解析","project_defined","D","RESEARCH_ONLY","pending","梁体裂缝长度。"
"B01_CRACK_WIDTH_MM","B01","裂缝宽度","mm","3","raw","required","higher","numeric","裂缝尺、显微镜或现场调查表","project_defined","D","RESEARCH_ONLY","pending","梁体裂缝最大或代表宽度。"
"B02_REBAR_EXPOSURE_AREA_M2","B02","露筋面积","m2","3","raw","conditional","higher","numeric","现场量测或图像核验","project_defined","D","RESEARCH_ONLY","pending","露筋或锈胀露筋影响面积。"
"B02_SPALLING_AREA_M2","B02","剥落掉块面积","m2","3","raw","required","higher","numeric","现场量测或调查表解析","project_defined","D","RESEARCH_ONLY","pending","混凝土剥落、掉块或锈胀露筋影响面积。"
"B03_DEFLECTION_MM","B03","梁体变形量","mm","2","raw","required","higher","numeric","水准、全站仪或位移监测","project_defined","D","RESEARCH_ONLY","pending","挠度、扭转或横向位移的代表变形量。"
"B04_BEARING_DISPLACEMENT_MM","B04","支座位移","mm","2","raw","required","higher","numeric","现场量测","project_defined","D","RESEARCH_ONLY","pending","支座纵向或横向位移量。"
"B04_BEARING_GAP_MM","B04","支座不密贴间隙","mm","2","raw","conditional","higher","numeric","塞尺或现场量测","project_defined","D","RESEARCH_ONLY","pending","支座、垫石或梁底不密贴间隙。"
"B05_FOUNDATION_SETTLEMENT_MM","B05","墩台基础沉降量","mm","2","raw","conditional","higher","numeric","水准或沉降监测","project_defined","D","RESEARCH_ONLY","pending","墩台或基础沉降、冲刷相关位移量。"
"B05_PIER_CRACK_WIDTH_MM","B05","墩台裂缝宽度","mm","3","raw","required","higher","numeric","裂缝尺或现场调查表","project_defined","D","RESEARCH_ONLY","pending","墩台、墩帽或基础裂缝宽度。"
"B06_AUXILIARY_DEFECT_COUNT","B06","附属设施病害数量","处","0","raw","required","higher","numeric","人工巡检或图像核验","project_defined","D","RESEARCH_ONLY","pending","桥面、栏杆、吊篮、检查梯、防护及排水设施病害数量。"
"C01_RELATIVE_DISPLACEMENT_MM","C01","梁轨相对位移","mm","2","raw","conditional","higher","numeric","位移监测或几何联测","project_defined","D","RESEARCH_ONLY","pending","梁体与轨道结构之间的相对位移量。"
"C01_TRACK_BEAM_OFFSET_MM","C01","线梁偏心量","mm","2","raw","required","higher","numeric","线路与桥梁几何联测","project_defined","D","RESEARCH_ONLY","pending","线路中心与梁体中心偏离量。"
"C02_GEOMETRY_MUTATION_MM","C02","桥头几何突变量","mm","2","raw","conditional","higher","numeric","轨检车或人工复测","project_defined","D","RESEARCH_ONLY","pending","桥头位置高低、轨向或水平突变量。"
"C02_TRANSITION_SETTLEMENT_MM","C02","过渡段差异沉降","mm","2","raw","required","higher","numeric","水准或轨检数据","project_defined","D","RESEARCH_ONLY","pending","桥头过渡段沉降差。"
"T01_SIDE_WEAR_MM","T01","钢轨侧磨量","mm","2","raw","required","higher","numeric","现场量测或轨检/廓形检测","project_defined","D","RESEARCH_ONLY","pending","钢轨侧面磨耗测值。"
"T02_PLASTIC_DEFORMATION_MM","T02","塑性变形量","mm","2","raw","conditional","higher","numeric","现场量测或图像核验","project_defined","D","RESEARCH_ONLY","pending","压溃、肥边等塑性变形量。"
"T02_VERTICAL_WEAR_MM","T02","钢轨垂向磨耗量","mm","2","raw","required","higher","numeric","现场量测或廓形检测","project_defined","D","RESEARCH_ONLY","pending","钢轨顶面垂向磨耗测值。"
"T03_CORRUGATION_DEPTH_MM","T03","波磨波深","mm","3","raw","required","higher","numeric","波磨检测或人工量测","project_defined","D","RESEARCH_ONLY","pending","钢轨波磨波深。"
"T03_CORRUGATION_WAVELENGTH_MM","T03","波磨波长","mm","1","raw","conditional","bidirectional","numeric","波磨检测","project_defined","D","RESEARCH_ONLY","pending","钢轨波磨主波长。"
"T04_DAMAGE_LENGTH_M","T04","钢轨伤损长度","m","3","raw","required","higher","numeric","探伤、人工检查或图像核验","project_defined","D","RESEARCH_ONLY","pending","滚动接触疲劳、剥离、掉块或裂纹影响长度。"
"T05_ALIGNMENT_DEVIATION_MM","T05","轨向偏差","mm","2","raw","conditional","bidirectional","numeric","轨检车或弦测","project_defined","D","RESEARCH_ONLY","pending","轨道平面方向偏差。"
"T05_GAUGE_DEVIATION_MM","T05","轨距偏差","mm","2","raw","required","bidirectional","numeric","轨检车或人工轨距尺","project_defined","D","RESEARCH_ONLY","pending","轨距相对设计值偏差。"
"T06_SUPERELEVATION_DEVIATION_MM","T06","超高偏差","mm","2","raw","required","bidirectional","numeric","轨检车或水准测量","project_defined","D","RESEARCH_ONLY","pending","实测超高与目标超高差值。"
"T07_FASTENER_DEFECT_COUNT","T07","扣件缺陷数量","处","0","raw","required","higher","numeric","人工巡检或图像识别","project_defined","D","RESEARCH_ONLY","pending","松动、缺失、失效扣件数量。"
"T08_SLEEPER_DAMAGE_COUNT","T08","轨枕病害数量","根","0","raw","required","higher","numeric","人工巡检或图像识别","project_defined","D","RESEARCH_ONLY","pending","裂损、失效、空吊等轨枕数量。"
"T09_BALLAST_BED_DEFECT_AREA_M2","T09","道床及轨排病害面积","m2","3","raw","required","higher","numeric","人工量测或图像核验","project_defined","D","RESEARCH_ONLY","pending","翻浆、缺砟、污染或轨排相关病害影响面积。"
